{"cameraMode":{"drawMode":0,"name":"Shaded","section":"Shading Mode"},"sceneLighting":true,"audioPlay":false,"sceneViewState":{"m_AlwaysRefresh":false,"showFog":true,"showSkybox":true,"showFlares":true,"showImageEffects":true,"showParticleSystems":true,"showVisualEffectGraphs":true,"m_FxEnabled":true},"in2DMode":false,"pivot":{"x":8.55510139465332,"y":4.8924641609191898,"z":-14.525214195251465},"rotation":{"x":-0.006359544582664967,"y":-0.9919715523719788,"z":0.052100107073783877,"w":-0.11640724539756775},"size":10.671338081359864,"orthographic":false}